<?xml version="1.0" encoding="ISO-8859-1" ?>

<!DOCTYPE struts-config PUBLIC
          "-//Apache Software Foundation//DTD Struts Configuration 1.3//EN"
          "http://struts.apache.org/dtds/struts-config_1_3.dtd">

<struts-config>

<!-- ======================================== Form Bean Definitions -->

    <form-beans>
    </form-beans>

<!-- ================================= Global Exception Definitions -->

    <global-exceptions>
    </global-exceptions>

<!-- =================================== Global Forward Definitions -->

    <global-forwards>
    </global-forwards>

<!-- =================================== Action Mapping Definitions -->

    <action-mappings>
    </action-mappings>
    

<!-- ===================================== Controller Configuration -->

    <controller catalog="s2struts"/>
<!--
    <controller
       processorClass="org.seasar.struts.processor.S2RequestProcessor"/>

    <controller
       processorClass="org.seasar.struts.processor.S2TilesRequestProcessor"/>

	<controller
       processorClass="org.apache.struts.action.RequestProcessor"/>
-->

<!-- ================================ Message Resources Definitions -->

    <message-resources parameter="application"/>

<!-- ======================================= Plug Ins Configuration -->

    <plug-in className="org.apache.struts.validator.ValidatorPlugIn">
        <set-property
          property="pathnames"
          value="/WEB-INF/validator-rules.xml,/WEB-INF/validation.xml"/>
    </plug-in>

<!--
    <plug-in className="org.seasar.struts.plugin.RegisterActionClassPlugIn"/>
-->

    <plug-in className="org.seasar.struts.lessconfig.plugin.AutoStrutsConfigRegisterPlugIn">
        <set-property property="enableJar" value="false"/>
    </plug-in>

    <plug-in className="org.seasar.struts.hotdeploy.plugin.HotdeployPlugIn"/>

</struts-config>

