<?xml version="1.0" encoding="ISO-8859-1" ?>

<!DOCTYPE struts-config PUBLIC
          "-//Apache Software Foundation//DTD Struts Configuration 1.3//EN"
          "http://struts.apache.org/dtds/struts-config_1_3.dtd">

<struts-config>

<!-- ======================================== Form Bean Definitions -->

    <form-beans>
		<form-bean
			name="calcForm"
			type="org.seasar.struts.examples.form.CalculationForm"/>
		<form-bean
			name="strForm"
			type="org.seasar.struts.examples.form.StringForm"/>
    </form-beans>

<!-- ================================= Global Exception Definitions -->

    <global-exceptions>

        <exception
            key="errors.global.runtime"
            type="java.lang.RuntimeException"
            path="/pages/error.html"/>

        <exception
            key="errors.global.runtime.sql"
            type="org.seasar.framework.exception.SQLRuntimeException"
            path="/pages/error.html"/>

    </global-exceptions>

<!-- =================================== Global Forward Definitions -->

    <global-forwards>

        <forward
            name="welcome"
            path="/index.html"/>

        <forward
            name="addInput"
            path="/pages/addInput.html"/>

        <forward
            name="globalStyle"
            path="/css/global.css"/>

        <forward
            name="executeJs"
            path="/js/execute.js"/>

        <forward
            name="error"
            path="/pages/error.html"/>

        <forward
            name="employee"
            path="/pages/employee/employeeSearch.html"/>

    </global-forwards>

<!-- =================================== Action Mapping Definitions -->

    <action-mappings type="org.apache.struts.action.RequestActionMapping">

        <action
            path="/add"
            type="org.seasar.struts.examples.add.AddAction"
            name="calcForm"
            scope="request"
            validate="false"
            input="/pages/addInput.html">
            <forward name="success" path="/pages/result.html" />
        </action>
        <action
            path="/subtract"
            type="org.seasar.struts.action.ProxyAction"
            name="calcForm"
            scope="request"
            validate="false"
            input="/pages/subtractInput.html">
            <forward name="success" path="/pages/result.html" />
        </action>
        <action
            path="/multiply"
            type="org.seasar.struts.examples.multiply.MultiplyAction"
            name="calcForm"
            scope="request"
            validate="false"
            input="/pages/multiplyInput.html">
            <forward name="success" path="/pages/result.html" />
        </action>
        <action
            path="/divide"
            type="org.seasar.struts.examples.divide.DivideAction"
            name="calcForm"
            scope="request"
            validate="false"
            input="/pages/divideInput.html">
            <forward name="success" path="/pages/result.html" />
        </action>
        <action
            path="/echo"
            type="org.seasar.struts.examples.echo.EchoAction"
            name="strForm"
            scope="request"
            validate="false"
            input="/pages/echoInput.html">
            <forward name="success" path="/pages/strResult.html" />
        </action>
        <action
            path="/changeCase"
            type="org.seasar.struts.examples.changecase.ChangeCaseAction"
            name="strForm"
            scope="request"
            validate="true"
			parameter="command"
            input="/pages/changeCaseInput.html">
            <forward name="success" path="/pages/strResult.html" />
        </action>
    </action-mappings>
    

<!-- ===================================== Controller Configuration -->

    <controller catalog="s2struts"/>
<!--
    <controller
       processorClass="org.seasar.struts.processor.S2RequestProcessor"/>

    <controller
       processorClass="org.seasar.struts.processor.S2TilesRequestProcessor"/>

	<controller
       processorClass="org.apache.struts.action.RequestProcessor"/>
-->

<!-- ================================ Message Resources Definitions -->

    <message-resources parameter="application"/>

<!-- ======================================= Plug Ins Configuration -->

    <plug-in className="org.apache.struts.validator.ValidatorPlugIn">
        <set-property
          property="pathnames"
          value="/WEB-INF/validator-rules.xml,/WEB-INF/validation.xml"/>
    </plug-in>

<!--
    <plug-in className="org.apache.struts.tiles.TilesPlugin">
        <set-property property="definitions-config" value="/WEB-INF/tiles-defs.xml" />
    </plug-in>
-->

    <plug-in className="org.seasar.struts.lessconfig.plugin.AutoStrutsConfigRegisterPlugIn">
        <set-property property="enableJar" value="false"/>
        <set-property property="docRoot" value="/pages"/>
    </plug-in>

    <plug-in className="org.seasar.struts.hotdeploy.plugin.HotdeployPlugIn"/>

</struts-config>

