<?xml version="1.0" encoding="ISO-8859-1"?>
<!DOCTYPE web-app
    PUBLIC "-//Sun Microsystems, Inc.//DTD Web Application 2.3//EN"
    "http://java.sun.com/dtd/web-app_2_3.dtd">

<web-app>
  <display-name>Struts Application</display-name>

  <filter>
    <filter-name>s2filter</filter-name>
    <filter-class>org.seasar.framework.container.filter.S2ContainerFilter</filter-class>
  </filter>

  <filter>
    <filter-name>hotdeployfilter</filter-name>
    <filter-class>org.seasar.framework.container.hotdeploy.HotdeployFilter</filter-class>
  </filter>

  <filter>
    <filter-name>s2strutsfilter</filter-name>
    <filter-class>org.seasar.struts.filter.S2StrutsFilter</filter-class>
  </filter>

  <filter>
    <filter-name>encodingfilter</filter-name>
    <filter-class>org.seasar.extension.filter.EncodingFilter</filter-class>
    <init-param>
      <param-name>encoding</param-name>
      <param-value>Windows-31j</param-value>
    </init-param>
  </filter>

  <filter-mapping>
    <filter-name>s2filter</filter-name>
    <url-pattern>/*</url-pattern>
  </filter-mapping>

  <filter-mapping>
    <filter-name>hotdeployfilter</filter-name>
    <url-pattern>/*</url-pattern>
  </filter-mapping>

  <filter-mapping>
    <filter-name>s2strutsfilter</filter-name>
    <url-pattern>/*</url-pattern>
  </filter-mapping>

  <filter-mapping>
    <filter-name>encodingfilter</filter-name>
    <url-pattern>/*</url-pattern>
  </filter-mapping>

  <servlet>
    <servlet-name>s2container</servlet-name>
    <servlet-class>org.seasar.framework.container.servlet.S2ContainerServlet</servlet-class>
    <load-on-startup>1</load-on-startup>
  </servlet>
  
  <!-- Standard Action Servlet Configuration (with debugging) -->
  <servlet>
    <servlet-name>action</servlet-name>
    <!--
    <servlet-class>org.seasar.struts.servlet.S2ActionServlet</servlet-class>
    -->
    <servlet-class>org.apache.struts.action.ActionServlet</servlet-class>
    <init-param>
      <param-name>config</param-name>
      <param-value>/WEB-INF/struts-config.xml</param-value>
    </init-param>
    <init-param>
      <param-name>debug</param-name>
      <param-value>2</param-value>
    </init-param>
    <init-param>
      <param-name>detail</param-name>
      <param-value>2</param-value>
    </init-param>
    <load-on-startup>2</load-on-startup>
  </servlet>

  <servlet>
    <servlet-name>MayaaServlet</servlet-name>
    <servlet-class>org.seasar.mayaa.impl.MayaaServlet</servlet-class>
    <load-on-startup>3</load-on-startup>
  </servlet>

  <servlet-mapping>
    <servlet-name>s2container</servlet-name>
    <url-pattern>/s2container</url-pattern>
  </servlet-mapping>

  <!-- Standard Action Servlet Mapping -->
  <servlet-mapping>
    <servlet-name>action</servlet-name>
    <url-pattern>*.do</url-pattern>
  </servlet-mapping>

  <servlet-mapping>
    <servlet-name>MayaaServlet</servlet-name>
    <url-pattern>*.html</url-pattern>
  </servlet-mapping>

  <!-- The Usual Welcome File List -->
  <welcome-file-list>
    <welcome-file>index.html</welcome-file>
    <welcome-file>index.jsp</welcome-file>
  </welcome-file-list>

</web-app>
